{"accuracy": 0.9811320754716981, "f1": 0.9811320754716981, "precision": 0.9811320754716981, "recall": 0.9811320754716981, "cv_mean": 0.9715966386554623, "cv_std": 0.02190583647704192, "training_size": 423, "test_size": 106, "total_size": 529}