{"Negative": {"precision": 1.0, "recall": 1.0, "f1-score": 1.0, "support": 13.0}, "Neutral": {"precision": 0.9818181818181818, "recall": 0.9818181818181818, "f1-score": 0.9818181818181818, "support": 55.0}, "Positive": {"precision": 0.9736842105263158, "recall": 0.9736842105263158, "f1-score": 0.9736842105263158, "support": 38.0}, "accuracy": 0.9811320754716981, "macro avg": {"precision": 0.9851674641148326, "recall": 0.9851674641148326, "f1-score": 0.9851674641148326, "support": 106.0}, "weighted avg": {"precision": 0.9811320754716981, "recall": 0.9811320754716981, "f1-score": 0.9811320754716981, "support": 106.0}}